Smaragdine;green-skinned humanoid with black striped tattoos. A chrystalline cityscape in the background
Hyehoon;humanoid with feather-like hair and sharp facial features. Thick clouds in the background with terracotta building peeking through
Gnome;small humanoid with no hair and thick, wrinkled brown skin. In the background, the interior of a cave with mining robots all around
Neshekk;humanoid with no hair, wrinkled purplish skin, and large nose and ears. In the background, the interior of a luxurious art-deco building
Deva;blue-skinned humanoid with no body hair, no clothes, and angel-like wings. In the background, incomprehensibly complicated tech manufacts
Vokun;purple-skinned humanoid wearing sumptuous ottoman-style clothes, inside an opulent palace
Kuath;a scary warrior in a futuristic black bio-armour, surrounded by stormy cliffs by the sea
Mnaat;a large pillworm or isopod, with a cartoonishly happy face, holding futuristic equipment in his hands, inside a spaceship
Voidglider;a strange humanoid with a wide elongated head and black eyes, wearing a flowing robe, with stars in the background
Ibglib;a humanoid with an elongated head and yellowish skin, wearing formal robes, and surrounded by blackboards filled with equations
